43FD776C	0003B055	0.0
43FD776C	0005FC5A	0.0
43FD776C	000CF342	0.0
43FD776C	0011114D	0.0
43FD776C	0011EAC4	0.008287094494820148
43FD776C	0014A048	0.0
43FD776C	001C3B8F	0.0
43FD776C	00243975	0.002020557317986353
43FD776C	0027E0B8	0.0
43FD776C	002932B0	0.0
43FD776C	003BDEE2	0.010102786589928968
43FD776C	003E7116	0.0
43FD776C	00433890	0.0
43FD776C	0045D019	0.0
43FD776C	0045D9F6	0.0
43FD776C	00493E54	0.0
43FD776C	004B1FBC	0.0
43FD776C	004CA7A3	0.0
43FD776C	004E3300	0.0
43FD776C	005237C4	0.008112546252995793
43FD776C	0056B275	0.03436041995759156
43FD776C	006329B3	0.04789815520921866
43FD776C	006952C5	0.0
43FD776C	00725F06	0.003929259155182336
43FD776C	0073ECCC	0.0
43FD776C	00784876	0.2537925389603885
43FD776C	007B4591	0.0
43FD776C	007B68B5	0.0
43FD776C	007D2F41	0.0
43FD776C	008ED3A6	0.0
43FD776C	0092C1B8	0.0
43FD776C	00962EEC	0.0
43FD776C	009779A9	0.012123343995906248
43FD776C	009F903A	0.004045082075967126
43FD776C	00A3C9C2	0.0
43FD776C	00A52A7E	0.0
43FD776C	00A87317	0.0
43FD776C	00BBEBAA	0.002020557317985793
43FD776C	00BC8D07	0.0
43FD776C	00BDF5D6	0.002020557317985793
43FD776C	00C50601	0.004041114635971586
43FD776C	00C86936	0.0
43FD776C	00CC80B3	0.0
43FD776C	00CD8766	0.0
43FD776C	00CE2969	0.0
43FD776C	00D40E2B	0.0026003812858895544
43FD776C	00D4F325	0.0
43FD776C	00D956B2	0.014143901226044938
43FD776C	00E5C27A	0.0
43FD776C	00EE209B	0.002020557317985793
43FD776C	00F1EE39	0.0
43FD776C	00F8422C	0.0
43FD776C	00F87E5D	0.0
43FD776C	00F94921	0.0
43FD776C	00F9B76E	0.02988010948655169
43FD776C	00FA1C18	0.0
43FD776C	00FB0CDD	0.0
43FD776C	00FD6FCE	0.0
43FD776C	00FF56A8	0.04111605504621486
43FD776C	0108016A	0.0
43FD776C	0108DAB7	0.0
43FD776C	01109E6D	0.004041114635972311
43FD776C	01124466	0.0
43FD776C	0112E226	0.016164458543886345
43FD776C	01198E98	0.0
43FD776C	0126039E	0.0023518811758968137
43FD776C	012BCF09	0.0
43FD776C	012C9CDF	0.05235859022488528
43FD776C	012E6F4E	0.1836639006873878
43FD776C	012F592B	0.007262479200640292
43FD776C	01328BF3	0.0
43FD776C	0134B592	0.06979081669991087
43FD776C	0139FCD5	0.0
43FD776C	013A0DA1	0.0
43FD776C	01438A3B	0.00752693484037914
43FD776C	01444027	0.0
43FD776C	01461554	0.0
43FD776C	0147F037	0.0
43FD776C	0154426A	0.01647170803792201
43FD776C	0159FE4E	0.0
43FD776C	015B46C7	0.0
43FD776C	016FC32A	0.0
43FD776C	01710C78	0.0
43FD776C	01739E09	0.0
43FD776C	01776B6C	0.12539707016869914
43FD776C	017889A7	0.002020557317985793
43FD776C	017C99DB	0.03307604384409265
43FD776C	017F2ECE	0.0
43FD776C	018A6121	0.002020557317985793
43FD776C	018E2322	0.0
43FD776C	0190EC9A	0.015264476048649382
43FD776C	01A17328	0.008082229271952424
43FD776C	01A842AA	0.0
43FD776C	01A8C383	0.016827106259708458
43FD776C	01AE4F56	0.01112733120194024
43FD776C	01AFAF1B	0.0
43FD776C	01B2BC70	0.0
43FD776C	01C3C549	0.0
43FD776C	01C5C92C	0.0
43FD776C	01C641C3	0.0
43FD776C	01D5887E	0.0
43FD776C	01DF6D2D	0.006061671953957379
43FD776C	01E0D8CE	0.0
43FD776C	01E46A0B	0.04155356860987624
43FD776C	01E93C2F	0.0
43FD776C	01EE4B98	0.00752693484037914
43FD776C	01F164D0	0.002020557317985793
43FD776C	01F1D439	0.0
43FD776C	01F6ADD2	0.0020205573326510413
43FD776C	01F71AD0	0.0
43FD776C	01FACAD8	0.0
43FD776C	01FB725A	0.0
43FD776C	01FE29EA	0.0
43FD776C	02066FCD	0.0
43FD776C	0216C308	0.0
43FD776C	021B9D77	0.0
43FD776C	021CC5D8	0.009551463701661513
43FD776C	0228E4F2	0.0
43FD776C	02290965	0.0
43FD776C	0229448F	0.011453473319197185
43FD776C	022B685F	0.013744448555098902
43FD776C	022F9467	0.0
43FD776C	023B9EF3	0.0073916665196823795
43FD776C	0240B99C	0.0
43FD776C	025139D2	0.0
43FD776C	02585490	0.0
43FD776C	0259891E	0.04243170367770166
43FD776C	025B9122	0.0
43FD776C	025D2C19	0.0
43FD776C	025F5CB1	0.0
43FD776C	0262EA12	0.0
43FD776C	02642F55	0.0
43FD776C	026778A2	0.0
43FD776C	0267A61E	0.0
43FD776C	027426D0	0.0
43FD776C	028E8644	0.0
43FD776C	028F2298	0.0060616719539573795
43FD776C	0294EAD4	0.00755114333121962
43FD776C	02965656	0.0
43FD776C	0296D744	0.002020557317985793
43FD776C	02AA1FA9	0.0
43FD776C	02AD1047	0.0
43FD776C	02AD820C	0.0
43FD776C	02B09E25	0.04138206095589647
43FD776C	02B1C5D7	0.0
43FD776C	02B49FCD	0.0
43FD776C	02B554FC	0.026365775322236325
43FD776C	02B911E0	0.0
43FD776C	02BCD1A8	0.006061671959293573
43FD776C	02C7065C	0.0
43FD776C	02D4CE98	0.0
43FD776C	02D4EDF8	0.022310284082174007
43FD776C	02D66721	0.0
43FD776C	02D828C1	0.0020205573179858014
43FD776C	02D9A7F2	0.0
43FD776C	02DB0F2D	0.0
43FD776C	02E90378	0.0
43FD776C	03006309	0.0
43FD776C	03099350	0.0
43FD776C	0312B01D	0.0
43FD776C	031AFA6D	0.0
43FD776C	031C31BE	0.0
43FD776C	031EE95E	0.004041114636116543
43FD776C	03376F29	0.0
43FD776C	03496C27	0.0
43FD776C	0349EE07	0.0
43FD776C	034F3208	0.0
43FD776C	0352694C	0.020205573179857935
43FD776C	03528CBA	0.0
43FD776C	0352F953	0.0
43FD776C	035786DA	0.0
43FD776C	035F81F4	0.0
43FD776C	03672BD5	0.0
43FD776C	0368D319	0.01212334390793231
43FD776C	0368E8BE	0.0
43FD776C	037D28F2	0.0
43FD776C	03839B48	0.0
43FD776C	03839CF8	0.1613404082657277
43FD776C	0388650E	0.013001906429447771
43FD776C	0389C918	0.0
43FD776C	038AE3AA	0.0
43FD776C	038CB6F6	0.0
43FD776C	039459BF	0.0040411146359744755
43FD776C	03959311	0.0
43FD776C	0395F208	0.0
43FD776C	039DB9B6	0.00752693484037914
43FD776C	03A194FC	0.0
43FD776C	03A8769C	0.0
43FD776C	03AC92A1	0.0
43FD776C	03B6E7B2	0.01505603392833389
43FD776C	03B817A9	0.0
43FD776C	03BF901A	0.008082229271943173
43FD776C	03C0079C	0.0
43FD776C	03C2CC97	0.0
43FD776C	03C3607B	0.0
43FD776C	03C436D1	0.0
43FD776C	03CAFC05	0.010102786589928966
43FD776C	03D00B37	0.0
43FD776C	03D09CA7	0.0
43FD776C	03E298B8	0.0
43FD776C	03EB6D7F	0.003224498953271376
43FD776C	03FA8F1E	0.0
43FD776C	03FC3F40	0.012762203202054127
43FD776C	03FC4F79	0.014368240909370797
43FD776C	03FCE859	0.0
43FD776C	03FD8454	0.08279880482557146
43FD776C	040F37A8	0.013939853253391617
43FD776C	0412EAF6	0.0
43FD776C	0413757D	0.002020557317985795
43FD776C	041B3329	0.0
43FD776C	041C3083	0.0
43FD776C	04281A41	0.006816099085998115
43FD776C	0437D79B	0.0
43FD776C	043A55FE	0.051964952315024765
43FD776C	043B1E1B	0.0
43FD776C	043F7F1E	0.0
43FD776C	04496BAA	0.0054085183404845106
43FD776C	044C0559	0.0
43FD776C	045716B5	0.005736353878948473
43FD776C	04592826	0.0
43FD776C	045C11B3	0.0
43FD776C	045D3373	0.0
43FD776C	04634070	0.0
43FD776C	046C3B83	0.0
43FD776C	0474BFAF	0.0
43FD776C	0474FB72	0.007791886568436301
43FD776C	04756336	0.0
43FD776C	0477FFD3	0.11164441214361698
43FD776C	0478D4F8	0.0
43FD776C	0486EC92	0.0
43FD776C	0489A984	0.17484916782122034
43FD776C	0489F1AC	0.0
43FD776C	048AB435	0.0
43FD776C	04905D15	0.0
43FD776C	04946B1E	0.0
43FD776C	049573B2	0.0
43FD776C	04AEE5C7	0.0
43FD776C	04AF010A	0.006289510448956363
43FD776C	04AF492D	0.0
43FD776C	04B01E55	0.0
43FD776C	04B5445A	0.006721176452062629
43FD776C	04BE3F72	0.004041114635971586
43FD776C	04BEE6D7	0.0
43FD776C	04C30B43	0.01384903718399181
43FD776C	04C3CCF3	0.0
43FD776C	04C3E428	0.004434365673166816
43FD776C	04D98949	0.0
43FD776C	04EAD036	0.0
43FD776C	04F0A8A0	0.008989982736561966
43FD776C	04F1BEA5	0.06699806768130029
43FD776C	04F2C66A	0.0
43FD776C	04F353DF	0.0
43FD776C	04F99C7A	0.0
43FD776C	04FB01B8	0.0
43FD776C	04FD6759	0.002020557317985805
43FD776C	0501E2EA	0.0
43FD776C	0502A721	0.0
43FD776C	050513B0	0.0
43FD776C	0507BBD7	0.004655024691514881
43FD776C	050BB43F	0.0
43FD776C	0527EA39	0.017248134878577317
43FD776C	05282E0D	0.014143901225900557
43FD776C	052BF631	0.0
43FD776C	052F5108	0.0
43FD776C	0532D181	0.03434947440575849
43FD776C	0535FE32	0.0
43FD776C	05364FE4	0.004041114635971586
43FD776C	0538AC16	0.0
43FD776C	05397CB8	0.0
43FD776C	053FB310	0.002020557317985793
43FD776C	054B33A5	0.0
43FD776C	0555D86A	0.0
43FD776C	055B394D	0.0
43FD776C	05669A68	0.0
43FD776C	056D3FC6	0.024194954290899136
43FD776C	056EA0E2	0.006641495403568222
43FD776C	056FA77A	0.0
43FD776C	05776AD7	0.010134519053430852
43FD776C	0578DF46	0.0
43FD776C	0581F5D5	0.0
43FD776C	0582A04E	0.0
43FD776C	059DE5E4	0.0
43FD776C	05A21A71	0.0
43FD776C	05A3DA1F	0.0
43FD776C	05A55A03	0.011453473319197185
43FD776C	05B090CE	0.016789743432796756
43FD776C	05B3DFF1	0.0
43FD776C	05B9651E	0.0
43FD776C	05BDC90E	0.0
43FD776C	05C31D4B	0.0
43FD776C	05C86094	0.006976870217444775
43FD776C	05DAB8C0	0.024999162535691996
43FD776C	05DBB954	0.004261853180831513
43FD776C	05DBF710	0.006061671953958397
43FD776C	05DCD65A	0.05262734752672786
43FD776C	05E1B1D9	0.007352455503599134
43FD776C	05E2161B	0.004041114635971586
43FD776C	05E74909	0.0
43FD776C	05E79D01	0.44234511231929247
43FD776C	05EDB3A0	0.02225466240388048
43FD776C	05EEE4E0	0.0
43FD776C	05EFFB90	0.0
43FD776C	05F5F76A	0.004041114635971586
43FD776C	05F6E42A	0.0
43FD776C	06041575	0.0
43FD776C	06167391	0.0
43FD776C	0616AB9C	0.002020557317985793
43FD776C	0617689C	0.0
43FD776C	06194FDE	0.02285549721809222
43FD776C	0619822C	0.005099730782569178
43FD776C	061A19CA	0.0
43FD776C	061BA55B	0.0
43FD776C	061C6C3B	0.0
43FD776C	0626251D	0.002020557317985793
43FD776C	062BC2E4	0.0
43FD776C	062D596B	0.002020557317985793
43FD776C	06444F84	0.0
43FD776C	0653F611	0.0
43FD776C	06601420	0.0
43FD776C	0661DECB	0.0
43FD776C	066A71BC	0.0
43FD776C	066AF386	0.0
43FD776C	066F2C46	0.004041114635971586
43FD776C	067461C8	0.01513720193224366
43FD776C	06771A5A	0.0
43FD776C	0679E020	0.0
43FD776C	067C4210	0.0
43FD776C	068A7232	0.002674485512765843
43FD776C	068E815A	0.0060616719539573795
43FD776C	06918666	0.1061850018308717
43FD776C	06943C23	0.0
43FD776C	0699B629	0.0
43FD776C	069BF47D	0.0
43FD776C	069DA7A7	0.0
43FD776C	069F11AE	0.00979066956193828
43FD776C	06ACAD91	0.010102786589928968
43FD776C	06C2C7BC	0.0
43FD776C	06CB2E98	0.018305873210567276
43FD776C	06CBC4BA	0.004056273126497896
43FD776C	06CBEAA9	0.10629380427784701
43FD776C	06CCE1C6	0.0
43FD776C	06CD3667	0.03739809236460429
43FD776C	06CF160C	0.0
43FD776C	06D18AFD	0.0
43FD776C	06D27A8D	0.0
43FD776C	06D35AFB	0.0
43FD776C	06D39D72	0.0
43FD776C	06D835C2	0.0
43FD776C	06DA7DC2	0.005726736659598592
43FD776C	06DE3FEB	0.01556475886467367
43FD776C	06E63D20	0.0
43FD776C	06EB0D45	0.0
43FD776C	06F892B4	0.009293235502260523
43FD776C	0708D687	0.004898570017599456
43FD776C	070A58AF	0.0
43FD776C	070A9F1F	0.0
43FD776C	070DD5D4	0.0
43FD776C	070DD774	0.002020557319664649
43FD776C	070DED1B	0.0
43FD776C	07103214	0.0
43FD776C	071126B7	0.0
43FD776C	07162905	0.002313968861833443
43FD776C	072620B4	0.004072847099473473
43FD776C	0733A746	0.0
43FD776C	073B94B1	0.002020557317985793
43FD776C	07427AD9	0.0
43FD776C	0742D5C5	0.010102786589928968
43FD776C	0743CD5B	0.0
43FD776C	074491E2	0.0
43FD776C	07454816	0.005734581363614355
43FD776C	0749A315	0.0
43FD776C	074ADC51	0.0
43FD776C	074B3001	0.0
43FD776C	074BDB0A	0.0
43FD776C	07511464	0.0
43FD776C	0754B26A	0.041227864559821116
43FD776C	0757A922	0.0
43FD776C	075ABF1F	0.0
43FD776C	0762929E	0.015801019798920957
43FD776C	0764F090	0.02290694663839437
43FD776C	07679147	0.0
43FD776C	07681456	0.0
43FD776C	077DD57B	0.0
43FD776C	077EC9E4	0.0
43FD776C	07802943	0.025413764662221432
43FD776C	0782737C	0.0
43FD776C	07862589	0.0
43FD776C	07874D3C	0.004963595609287012
43FD776C	0787E01C	0.0
43FD776C	078981CC	0.0
43FD776C	078A8AE9	0.04205416504354246
43FD776C	07930A8B	0.00292846638807166
43FD776C	07A75F52	0.0
43FD776C	07B10DCB	0.011460892264553574
43FD776C	07B6A2A8	0.0
43FD776C	07B99BFA	0.0020818050253312292
43FD776C	07B9F6F5	0.0
43FD776C	07BAB9E7	0.0
43FD776C	07BC3356	0.0
43FD776C	07BDC4B0	0.0
43FD776C	07C34834	0.0
43FD776C	07CA5884	0.05589023480760915
43FD776C	07CB626B	0.04614572772333708
43FD776C	07D2B6B9	0.0
43FD776C	07DA0A1C	0.0
43FD776C	07DEF9D7	0.0
43FD776C	07F5B6CA	0.0
43FD776C	07F892EC	0.010102786663255207
43FD776C	07F8AFEC	0.0
43FD776C	07FD08C8	0.0
43FD776C	08053B2B	0.0
43FD776C	080DBBEF	0.0
43FD776C	080E155C	0.0
43FD776C	0810AAFA	0.003123934320969376
43FD776C	0815134D	0.0
43FD776C	081E3F30	0.0021118098553622898
43FD776C	0830FCA0	0.0
43FD776C	0832C111	0.0
43FD776C	0837B2CF	0.0
43FD776C	083839C7	0.0
43FD776C	0839CEE3	0.0
43FD776C	083D03E5	0.0
43FD776C	08443C72	0.0060616719539573795
43FD776C	08495949	0.0
43FD776C	084B474F	0.0
43FD776C	084D01D3	0.0
43FD776C	08548E70	0.002671061677087506
43FD776C	085ADB71	0.0078685293309345
43FD776C	086E5DD5	0.0
43FD776C	08702BDB	0.0
43FD776C	087095C7	0.002020557317985793
43FD776C	087165E4	0.0
43FD776C	0875EA92	0.0
43FD776C	087CBF68	0.0
43FD776C	087E04C5	0.0
43FD776C	088001DA	0.0
43FD776C	08802AB2	0.0
43FD776C	088A680B	0.0
43FD776C	08A948CC	0.0
43FD776C	08A97E0C	0.0
43FD776C	08ADCF85	0.0
43FD776C	08B17323	0.02460136183912568
43FD776C	08B1D62B	0.0
43FD776C	08B22DAB	0.012123343907919342
43FD776C	08B4FEC0	0.0
43FD776C	08B9DFEF	0.0
43FD776C	08BA2180	0.002020557317985793
43FD776C	08BCC883	0.0
43FD776C	08D3D0B6	0.0
43FD776C	08D69EB4	0.0
43FD776C	08D6D550	0.0
43FD776C	08D7E515	0.0
43FD776C	08E4D2D6	0.0
43FD776C	08EAA2CB	0.0
43FD776C	08EC4F5B	0.0
43FD776C	08ED4AE9	0.0
43FD776C	08EF476D	0.012467717486380984
43FD776C	08EF72DE	0.0
43FD776C	08F452CF	0.0044879151511128396
43FD776C	08F47EBA	0.0
43FD776C	08F7F83A	0.1747024670703145
43FD776C	08FB679F	0.0
43FD776C	0904612E	0.0
43FD776C	090B77B3	0.1207397308312998
43FD776C	091BC727	0.0
43FD776C	0922AB66	0.0
43FD776C	09266AF0	0.0
43FD776C	09299093	0.0
43FD776C	092F5EFF	0.005726736659598592
43FD776C	092FD9CF	0.0
43FD776C	093304A4	0.006061671953957379
43FD776C	093456D7	0.0
43FD776C	0935E318	0.0
43FD776C	09368EC9	0.016164458544029602
43FD776C	09396A59	0.0
43FD776C	093FC384	0.0
43FD776C	0947E863	0.0
43FD776C	0948C934	0.008082229271943173
43FD776C	09490884	0.0
43FD776C	094DB5D4	0.0
43FD776C	095FFF3F	0.0
43FD776C	09630970	0.0
43FD776C	09641F67	0.0
43FD776C	0965EC45	0.0
43FD776C	0966B229	0.5550452059629547
43FD776C	09676E2E	0.0
43FD776C	097CD675	0.0
43FD776C	09988D7C	0.0
43FD776C	09989277	0.004172896438793463
43FD776C	09995E41	0.02258080452113742
43FD776C	099A4032	0.0
43FD776C	099BC521	0.0
43FD776C	099D876D	0.016164458543886345
43FD776C	09B0BBA7	0.0
43FD776C	09B2D407	0.0
43FD776C	09B48D0B	0.0
43FD776C	09B52E07	0.006503820618492149
43FD776C	09B97DFE	0.0
43FD776C	09D7E4FA	0.004056273126497896
43FD776C	09DC92C5	0.015304813354770968
43FD776C	09DD720A	0.0
43FD776C	09DDAA88	0.0
43FD776C	09DE2F57	0.0
43FD776C	09E0E324	0.0
43FD776C	09E1988B	0.027421056078186585
43FD776C	09E1E653	0.0
43FD776C	09E3EE34	0.2730027637606382
43FD776C	09EA1A37	0.0
43FD776C	09EB15AA	0.0
43FD776C	09EB4F00	0.0
43FD776C	09F18F79	0.006061671953957379
43FD776C	09F90C50	0.0
43FD776C	09FD03AD	0.002020557317985793
43FD776C	0A08EC51	0.0
43FD776C	0A0D2BAD	0.0
43FD776C	0A0E755C	0.06165669976057068
43FD776C	0A0FF9EB	0.0
43FD776C	0A10A938	0.012388144461541848
43FD776C	0A1560D3	0.0
43FD776C	0A15C811	0.0
43FD776C	0A1AB335	0.0
43FD776C	0A2510E5	0.00808222927194364
43FD776C	0A254897	0.0
43FD776C	0A296B1E	0.006973130570249674
43FD776C	0A2A1FC3	0.0
43FD776C	0A2FAFA5	0.0
43FD776C	0A398D80	0.01112733120194024
43FD776C	0A475496	0.0
43FD776C	0A4ACFBD	0.35677713559084506
43FD776C	0A520111	0.0
43FD776C	0A567B93	0.0
43FD776C	0A575E93	0.0
43FD776C	0A5D91BE	0.0
43FD776C	0A5DAC76	0.0
43FD776C	0A63B3A3	0.024675352988879774
43FD776C	0A6604CB	0.0
43FD776C	0A6C6FB4	0.0
43FD776C	0A8478AE	0.0
43FD776C	0A968F8B	0.0
43FD776C	0A97E0C1	0.022226130497844967
43FD776C	0A990BE9	0.0
43FD776C	0A9A3087	0.0
43FD776C	0AA2F1D8	0.012123343907914778
43FD776C	0AAEC4EC	0.0
43FD776C	0AB1BE73	0.0
43FD776C	0AC1438B	0.0
43FD776C	0AC5ACB1	0.0
43FD776C	0AC8F2B8	0.0
43FD776C	0AC9113B	0.0020205573179990694
43FD776C	0ACD6604	0.0
43FD776C	0ACED25B	0.0024662220384955953
43FD776C	0ACF14C4	0.0
43FD776C	0ACF7BFE	0.006938325188729221
43FD776C	0ACFCEA7	0.0
43FD776C	0AD224B5	0.0
43FD776C	0AD3BA36	0.00752693484037914
43FD776C	0ADC5821	0.0
43FD776C	0AE14045	0.0
43FD776C	0AE9651A	0.08006707002055147
43FD776C	0B002509	0.0
43FD776C	0B003FA6	0.012123343907914806
43FD776C	0B00BA67	0.0
43FD776C	0B017C0B	0.0
43FD776C	0B0338EC	0.0
43FD776C	0B054663	0.0
43FD776C	0B05FE67	0.0
43FD776C	0B08755E	0.03420905403294589
43FD776C	0B0ADEB6	0.0
43FD776C	0B0DA3DC	0.05101979411229285
43FD776C	0B185497	0.015955039192317024
43FD776C	0B1B8D25	0.0
43FD776C	0B23C19B	0.0
43FD776C	0B23EC19	0.0
43FD776C	0B2D8123	0.0
43FD776C	0B317C57	0.0
43FD776C	0B3B54E4	0.00215935165269856
43FD776C	0B3CDF24	0.009293235502260523
43FD776C	0B40411E	0.002020557317985793
43FD776C	0B46561F	0.005730639852182756
43FD776C	0B46563B	0.0
43FD776C	0B46E8A6	0.05051393294964483
43FD776C	0B4B5593	0.0
43FD776C	0B4EC93C	0.002020557317985793
43FD776C	0B54FBF6	0.0
43FD776C	0B659C39	0.0
43FD776C	0B78A057	0.0
43FD776C	0B78A521	0.02424668781586758
43FD776C	0B7A84D3	0.0
43FD776C	0B7D39A1	0.0
43FD776C	0B845BA3	0.02225466240388048
43FD776C	0B86525A	0.0
43FD776C	0B890E85	0.0
43FD776C	0B8B0D91	0.01524136660831586
43FD776C	0B908117	0.0
43FD776C	0BB2E102	0.0
43FD776C	0BBB6080	0.0
43FD776C	0BC0A2DC	0.0
43FD776C	0BC0E906	0.002020557317985793
43FD776C	0BC1D058	0.0
43FD776C	0BC22D41	0.0
43FD776C	0BC2EB17	0.0
43FD776C	0BC3491B	0.0
43FD776C	0BC7337B	0.004691777904644911
43FD776C	0BCE997F	0.0
43FD776C	0BF6BC56	0.0
43FD776C	0BF77E37	0.014143901225901727
43FD776C	0BF79DFE	0.0
43FD776C	0BF8A745	0.0
43FD776C	0C01DCFD	0.004984329200618314
43FD776C	0C14EACF	0.0
43FD776C	0C1EB600	0.0
43FD776C	0C21380B	0.0
43FD776C	0C280BFF	0.0
43FD776C	0C2AE079	0.015168445837911828
43FD776C	0C2C9DD2	0.006061671953957379
43FD776C	0C2DEF79	0.0
43FD776C	0C2FE58D	0.0
43FD776C	0C309CF2	0.008082229271943173
43FD776C	0C33D1B1	0.008082229271943173
43FD776C	0C33EF81	0.0
43FD776C	0C34AB7F	0.011801852206018953
43FD776C	0C37CBAD	0.008779697551644004
43FD776C	0C3BAC1F	0.016591031230354047
43FD776C	0C42C8D3	0.0
43FD776C	0C4400FF	0.012112352473712118
43FD776C	0C55BCAD	0.0
43FD776C	0C601A7F	0.0
43FD776C	0C629EED	0.0
43FD776C	0C6703C3	0.0
43FD776C	0CA4B187	0.0
43FD776C	0CECE932	0.0
43FD776C	0D109F83	0.10510946464643449
43FD776C	0D52D485	0.0
43FD776C	0D57443D	0.006061671953957379
43FD776C	0D8F2D0E	0.0
43FD776C	0DC52CFD	0.0
43FD776C	0F36910E	0.0
43FD776C	1F2989F0	0.002020557317985793
43FD776C	2BECA4ED	0.0
43FD776C	3333E44B	0.0
43FD776C	335ED749	0.0
43FD776C	33865634	0.006061671953957379
43FD776C	339CD1B3	0.0
43FD776C	33CD4141	0.0
43FD776C	34190567	0.0
43FD776C	345C2848	0.0
43FD776C	348EB203	0.008305629529513824
43FD776C	34C238D5	0.0
43FD776C	34DF872C	0.8459073154119946
43FD776C	34ED541F	0.0
43FD776C	34F273FD	0.0
43FD776C	350410CF	0.0
43FD776C	35095641	0.0
43FD776C	35170767	0.0
43FD776C	351E811C	0.0
43FD776C	358A0AB5	0.0
43FD776C	35BD5C33	0.0
43FD776C	35E9831D	0.0
43FD776C	36E22876	0.0
43FD776C	36E5AE3D	0.0
43FD776C	3709B4C3	0.0
43FD776C	373A6845	0.0
43FD776C	4C5370B9	0.0
43FD776C	4C6E8511	0.0
43FD776C	4C7A9B63	0.0
43FD776C	4C7D4F86	0.0
43FD776C	4C81D300	0.0
43FD776C	4CC3C85D	0.0
43FD776C	4CC89935	0.0
43FD776C	4CD2C7C1	0.0
43FD776C	4CD3CC33	0.0
43FD776C	4CDC36DD	0.0
43FD776C	4CDD5BAE	0.0
43FD776C	4CE6FC2D	1.0
43FD776C	4CF99586	0.06998577247961087
43FD776C	4D07390E	0.0
43FD776C	4D0FB79F	0.005730327143475071
43FD776C	4D1FB58D	0.0
43FD776C	4D2B1EE6	0.0
43FD776C	4D5D795C	0.0
43FD776C	4D634C00	0.0
43FD776C	4D66E94F	0.0
43FD776C	4D68F3D7	0.0
43FD776C	4D71CB46	0.0
43FD776C	4D7B0467	0.0
43FD776C	4D8B08D7	0.0
43FD776C	4D8C4F7A	0.0
43FD776C	4D91A54A	0.002020557317985793
43FD776C	4DA444BF	0.0
43FD776C	4DADEF94	0.0
43FD776C	4DBAC46F	0.0
43FD776C	4DCCAA64	0.0
43FD776C	4DDC055F	0.0
43FD776C	4DDE3B69	0.0
43FD776C	4DF15CEF	0.0
43FD776C	4DFEDD28	0.0
43FD776C	4E045540	0.0
43FD776C	4E0DE25A	0.0
43FD776C	4E1BA375	0.0
43FD776C	4E1BB800	0.0
43FD776C	4E286443	0.0
43FD776C	4E2EC568	0.0
43FD776C	4E3BBB83	0.0
43FD776C	4E47B81B	0.0
43FD776C	4E636137	0.0
43FD776C	4E718DAA	0.016526315181841535
43FD776C	4E78BE27	0.0
43FD776C	4EBC7FCF	0.0
43FD776C	4EC97A4B	0.006061671953957379
43FD776C	4ECD74BC	0.0
43FD776C	4EDF3BB0	0.0
43FD776C	4EEE5722	0.0
43FD776C	4EF77785	0.0
43FD776C	4F05DC4B	0.6060135917686872
43FD776C	4F076E00	0.0
43FD776C	4F10C1EB	0.0
43FD776C	4F1AE805	0.0
43FD776C	4F3BE6AD	0.0
43FD776C	4F4B6B43	0.0
43FD776C	4F51463F	0.0
43FD776C	4F872588	0.0
43FD776C	4F8CCD61	0.0
43FD776C	4FA5C415	0.0
43FD776C	4FB0218B	0.0
43FD776C	4FF45383	0.11097164020183327
43FD776C	4FF7CE5C	0.0226787944802493
43FD776C	500B3463	0.0
43FD776C	500F4F9C	0.0
43FD776C	8620BB61	0.00808222927194322
43FD776C	8623AC36	0.01010278660528995
43FD776C	8626355D	0.006872224277549451
43FD776C	86263FDB	0.002020557317985801
43FD776C	862979F8	0.011476107657287807
43FD776C	862ADA3F	0.002020557317985793
43FD776C	86317390	0.0
43FD776C	863479D1	0.0
43FD776C	86349B09	0.0
43FD776C	86366AC3	0.004041114635971586
43FD776C	863B5D1F	0.0
43FD776C	863BFDE1	0.02306253293450392
43FD776C	863C435D	0.0
460A7036	0003B055	0.0
460A7036	0005FC5A	0.0
460A7036	000CF342	0.009813839586295309
460A7036	0011114D	0.0
460A7036	0011EAC4	0.05026144405949413
460A7036	0014A048	0.0
460A7036	001C3B8F	0.0
460A7036	00243975	0.002453459896573829
460A7036	0027E0B8	0.0
460A7036	002932B0	0.0
460A7036	003BDEE2	0.0
460A7036	003E7116	0.0
460A7036	00433890	0.0
460A7036	0045D019	0.002453459896573827
460A7036	0045D9F6	0.06049695299869322
460A7036	00493E54	0.002861415613633139
460A7036	004B1FBC	0.0
460A7036	004CA7A3	0.0
460A7036	004E3300	0.2430088021659623
460A7036	005237C4	0.0
460A7036	0056B275	0.0
460A7036	006329B3	0.0
460A7036	006952C5	0.02608310790046281
460A7036	00725F06	0.0
460A7036	0073ECCC	0.0
460A7036	00784876	0.0
460A7036	007B4591	0.0
460A7036	007B68B5	0.0
460A7036	007D2F41	0.0
460A7036	008ED3A6	0.007412115016075856
460A7036	0092C1B8	0.0
460A7036	00962EEC	0.0
460A7036	009779A9	0.0
460A7036	009F903A	0.0
460A7036	00A3C9C2	0.0
460A7036	00A52A7E	0.0
460A7036	00A87317	0.0
460A7036	00BBEBAA	0.0
460A7036	00BC8D07	0.008853151977666075
460A7036	00BDF5D6	0.0
460A7036	00C50601	0.05030554748600579
460A7036	00C86936	0.0
460A7036	00CC80B3	0.0
460A7036	00CD8766	0.0
460A7036	00CE2969	0.0
460A7036	00D40E2B	0.0
460A7036	00D4F325	0.0
460A7036	00D956B2	0.05154937136818242
460A7036	00E5C27A	0.0
460A7036	00EE209B	0.0
460A7036	00F1EE39	0.0
460A7036	00F8422C	0.0
460A7036	00F87E5D	0.0
460A7036	00F94921	0.0
460A7036	00F9B76E	0.0
460A7036	00FA1C18	0.06025992162256829
460A7036	00FB0CDD	0.0
460A7036	00FD6FCE	0.0
460A7036	00FF56A8	0.0
460A7036	0108016A	0.0
460A7036	0108DAB7	0.0
460A7036	01109E6D	0.0
460A7036	01124466	0.0
460A7036	0112E226	0.02445267364918691
460A7036	01198E98	0.0
460A7036	0126039E	0.0
460A7036	012BCF09	0.0
460A7036	012C9CDF	0.0025569111385195524
460A7036	012E6F4E	0.005243132083980251
460A7036	012F592B	0.0
460A7036	01328BF3	0.0
460A7036	0134B592	0.2910123195181404
460A7036	0139FCD5	0.0024534598965738267
460A7036	013A0DA1	0.0024534598965738267
460A7036	01438A3B	0.0
460A7036	01444027	0.0
460A7036	01461554	0.0
460A7036	0147F037	0.0
460A7036	0154426A	0.0049069197931476535
460A7036	0159FE4E	0.0
460A7036	015B46C7	0.0
460A7036	016FC32A	0.0
460A7036	01710C78	0.0
460A7036	01739E09	0.0
460A7036	01776B6C	0.12397033938298592
460A7036	017889A7	0.03988382268652269
460A7036	017C99DB	0.06453184279634953
460A7036	017F2ECE	0.0
460A7036	018A6121	0.0
460A7036	018E2322	0.0
460A7036	0190EC9A	0.0
460A7036	01A17328	0.0
460A7036	01A842AA	0.12931859304418986
460A7036	01A8C383	0.08841856674617342
460A7036	01AE4F56	0.16718585499757382
460A7036	01AFAF1B	0.0
460A7036	01B2BC70	0.0
460A7036	01C3C549	0.0
460A7036	01C5C92C	0.0
460A7036	01C641C3	0.0
460A7036	01D5887E	0.0
460A7036	01DF6D2D	0.012267299483081067
460A7036	01E0D8CE	0.0
460A7036	01E46A0B	0.19336201074131026
460A7036	01E93C2F	0.0
460A7036	01EE4B98	0.0
460A7036	01F164D0	0.0
460A7036	01F1D439	0.0
460A7036	01F6ADD2	0.0
460A7036	01F71AD0	0.024534598965753992
460A7036	01FACAD8	0.006461470370385067
460A7036	01FB725A	0.0
460A7036	01FE29EA	0.0
460A7036	02066FCD	0.0
460A7036	0216C308	0.0
460A7036	021B9D77	0.0
460A7036	021CC5D8	0.16514748734997833
460A7036	0228E4F2	0.0
460A7036	02290965	0.0
460A7036	0229448F	0.05851973364759464
460A7036	022B685F	0.0
460A7036	022F9467	0.0
460A7036	023B9EF3	0.0
460A7036	0240B99C	0.009766956695952579
460A7036	025139D2	0.0
460A7036	02585490	0.0
460A7036	0259891E	0.15686985695805442
460A7036	025B9122	0.01383050275620058
460A7036	025D2C19	0.0
460A7036	025F5CB1	0.0
460A7036	0262EA12	0.0
460A7036	02642F55	0.007360379689721482
460A7036	026778A2	0.010988544369706137
460A7036	0267A61E	0.005085837049787415
460A7036	027426D0	0.0
460A7036	028E8644	0.006012144188058635
460A7036	028F2298	0.0
460A7036	0294EAD4	0.0
460A7036	02965656	0.0
460A7036	0296D744	0.0
460A7036	02AA1FA9	0.0
460A7036	02AD1047	0.0
460A7036	02AD820C	0.0025714432638461087
460A7036	02B09E25	0.0
460A7036	02B1C5D7	0.008829754282141694
460A7036	02B49FCD	0.0
460A7036	02B554FC	0.0
460A7036	02B911E0	0.0
460A7036	02BCD1A8	0.0
460A7036	02C7065C	0.0
460A7036	02D4CE98	0.002453459896573827
460A7036	02D4EDF8	0.024576648163619295
460A7036	02D66721	0.0026313368299089195
460A7036	02D828C1	0.0
460A7036	02D9A7F2	0.0
460A7036	02DB0F2D	0.0
460A7036	02E90378	0.0
460A7036	03006309	0.0
460A7036	03099350	0.0
460A7036	0312B01D	0.0
460A7036	031AFA6D	0.0
460A7036	031C31BE	0.0
460A7036	031EE95E	0.017681608734949773
460A7036	03376F29	0.0
460A7036	03496C27	0.0
460A7036	0349EE07	0.0
460A7036	034F3208	0.0
460A7036	0352694C	0.0028417202424996504
460A7036	03528CBA	0.01824444473471692
460A7036	0352F953	0.0
460A7036	035786DA	0.0
460A7036	035F81F4	0.006045685163274794
460A7036	03672BD5	0.0054548082474911
460A7036	0368D319	0.0
460A7036	0368E8BE	0.0
460A7036	037D28F2	0.0
460A7036	03839B48	0.045438013556216995
460A7036	03839CF8	0.0
460A7036	0388650E	0.004906919793147654
460A7036	0389C918	0.016457661298085832
460A7036	038AE3AA	0.0
460A7036	038CB6F6	0.007360379689721482
460A7036	039459BF	0.0
460A7036	03959311	0.0
460A7036	0395F208	0.0
460A7036	039DB9B6	0.0
460A7036	03A194FC	0.0
460A7036	03A8769C	0.0
460A7036	03AC92A1	0.0
460A7036	03B6E7B2	0.0
460A7036	03B817A9	0.0
460A7036	03BF901A	0.0
460A7036	03C0079C	0.08507557470338332
460A7036	03C2CC97	0.0
460A7036	03C3607B	0.0
460A7036	03C436D1	0.04039971221464857
460A7036	03CAFC05	0.0
460A7036	03D00B37	0.10722824130351068
460A7036	03D09CA7	0.0
460A7036	03E298B8	0.0
460A7036	03EB6D7F	0.0
460A7036	03FA8F1E	0.0
460A7036	03FC3F40	0.0
460A7036	03FC4F79	0.02550128554122925
460A7036	03FCE859	0.00736037968972148
460A7036	03FD8454	0.059948741313408674
460A7036	040F37A8	0.0
460A7036	0412EAF6	0.0
460A7036	0413757D	0.0
460A7036	041B3329	0.0
460A7036	041C3083	0.0
460A7036	04281A41	0.0
460A7036	0437D79B	0.0
460A7036	043A55FE	0.0
460A7036	043B1E1B	0.0
460A7036	043F7F1E	0.005087008580210576
460A7036	04496BAA	0.0035719507315091154
460A7036	044C0559	0.0
460A7036	045716B5	0.01727768992872554
460A7036	04592826	0.0
460A7036	045C11B3	0.004941154030348767
460A7036	045D3373	0.015056086331014431
460A7036	04634070	0.0
460A7036	046C3B83	0.0
460A7036	0474BFAF	0.0
460A7036	0474FB72	0.022081139071230986
460A7036	04756336	0.13410365915602274
460A7036	0477FFD3	0.12823776796978936
460A7036	0478D4F8	0.0
460A7036	0486EC92	0.0
460A7036	0489A984	0.06444714132784152
460A7036	0489F1AC	0.0
460A7036	048AB435	0.0
460A7036	04905D15	0.0
460A7036	04946B1E	0.0
460A7036	049573B2	0.0
460A7036	04AEE5C7	0.0
460A7036	04AF010A	0.10174657077657627
460A7036	04AF492D	0.0
460A7036	04B01E55	0.03311549751930972
460A7036	04B5445A	0.05530768816742196
460A7036	04BE3F72	0.016774757958504243
460A7036	04BEE6D7	0.0
460A7036	04C30B43	0.014720759379443142
460A7036	04C3CCF3	0.0
460A7036	04C3E428	0.0
460A7036	04D98949	0.0
460A7036	04EAD036	0.005561480029153887
460A7036	04F0A8A0	0.02103917862938717
460A7036	04F1BEA5	0.01116963975083822
460A7036	04F2C66A	0.004906919793147654
460A7036	04F353DF	0.0
460A7036	04F99C7A	0.0
460A7036	04FB01B8	0.0
460A7036	04FD6759	0.0
460A7036	0501E2EA	0.0
460A7036	0502A721	0.0
460A7036	050513B0	0.0
460A7036	0507BBD7	0.0
460A7036	050BB43F	0.0
460A7036	0527EA39	0.0
460A7036	05282E0D	0.002453459910708007
460A7036	052BF631	0.0
460A7036	052F5108	0.0
460A7036	0532D181	0.0
460A7036	0535FE32	0.0
460A7036	05364FE4	0.0
460A7036	0538AC16	0.0
460A7036	05397CB8	0.0
460A7036	053FB310	0.0
460A7036	054B33A5	0.0
460A7036	0555D86A	0.0
460A7036	055B394D	0.0
460A7036	05669A68	0.0
460A7036	056D3FC6	0.0
460A7036	056EA0E2	0.0
460A7036	056FA77A	0.0
460A7036	05776AD7	0.007360379689721482
460A7036	0578DF46	0.0
460A7036	0581F5D5	0.0
460A7036	0582A04E	0.0
460A7036	059DE5E4	0.00736037968972148
460A7036	05A21A71	0.0
460A7036	05A3DA1F	0.0
460A7036	05A55A03	0.028848438150912536
460A7036	05B090CE	0.48286473881569575
460A7036	05B3DFF1	0.0
460A7036	05B9651E	0.009813839586295307
460A7036	05BDC90E	0.0
460A7036	05C31D4B	0.0
460A7036	05C86094	0.22444101019989843
460A7036	05DAB8C0	0.0
460A7036	05DBB954	0.0
460A7036	05DBF710	0.00852516072749895
460A7036	05DCD65A	0.0
460A7036	05E1B1D9	0.052860702295342246
460A7036	05E2161B	0.0
460A7036	05E74909	0.0
460A7036	05E79D01	0.5524151093793754
460A7036	05EDB3A0	0.0
460A7036	05EEE4E0	0.0
460A7036	05EFFB90	0.0
460A7036	05F5F76A	0.0
460A7036	05F6E42A	0.0
460A7036	06041575	0.0
460A7036	06167391	0.0
460A7036	0616AB9C	0.0
460A7036	0617689C	0.002822447086325944
460A7036	06194FDE	0.0035764293536302808
460A7036	0619822C	0.01952288956321957
460A7036	061A19CA	0.0
460A7036	061BA55B	0.0
460A7036	061C6C3B	0.0
460A7036	0626251D	0.012722164971037649
460A7036	062BC2E4	0.0
460A7036	062D596B	0.005113822277039105
460A7036	06444F84	0.0
460A7036	0653F611	0.0
460A7036	06601420	0.0
460A7036	0661DECB	0.07577969897575929
460A7036	066A71BC	0.0
460A7036	066AF386	0.0
460A7036	066F2C46	0.0
460A7036	067461C8	0.0
460A7036	06771A5A	0.0
460A7036	0679E020	0.002453459896573827
460A7036	067C4210	0.029336188686230183
460A7036	068A7232	0.0
460A7036	068E815A	0.0
460A7036	06918666	0.002453459896573827
460A7036	06943C23	0.009813839586295309
460A7036	0699B629	0.008213350614770538
460A7036	069BF47D	0.0
460A7036	069DA7A7	0.0
460A7036	069F11AE	0.03605816522519866
460A7036	06ACAD91	0.008001400397856125
460A7036	06C2C7BC	0.0
460A7036	06CB2E98	0.010680341862450147
460A7036	06CBC4BA	0.11561534566239336
460A7036	06CBEAA9	0.0035043449808591044
460A7036	06CCE1C6	0.0
460A7036	06CD3667	0.0
460A7036	06CF160C	0.0
460A7036	06D18AFD	0.0
460A7036	06D27A8D	0.0
460A7036	06D35AFB	0.0
460A7036	06D39D72	0.0
460A7036	06D835C2	0.0
460A7036	06DA7DC2	0.0
460A7036	06DE3FEB	0.02817192066637833
460A7036	06E63D20	0.0
460A7036	06EB0D45	0.0
460A7036	06F892B4	0.0
460A7036	0708D687	0.0
460A7036	070A58AF	0.0
460A7036	070A9F1F	0.0
460A7036	070DD5D4	0.042226585899212
460A7036	070DD774	0.0054548082474911
460A7036	070DED1B	0.0
460A7036	07103214	0.0
460A7036	071126B7	0.0
460A7036	07162905	0.0
460A7036	072620B4	0.0
460A7036	0733A746	0.0
460A7036	073B94B1	0.0
460A7036	07427AD9	0.0
460A7036	0742D5C5	0.007360379689721482
460A7036	0743CD5B	0.0
460A7036	074491E2	0.0
460A7036	07454816	0.008367422041910811
460A7036	0749A315	0.0
460A7036	074ADC51	0.00736037968972148
460A7036	074B3001	0.0
460A7036	074BDB0A	0.0
460A7036	07511464	0.0
460A7036	0754B26A	0.0
460A7036	0757A922	0.0026244851710926827
460A7036	075ABF1F	0.0
460A7036	0762929E	0.0466157380357599
460A7036	0764F090	0.0
460A7036	07679147	0.0
460A7036	07681456	0.0
460A7036	077DD57B	0.0
460A7036	077EC9E4	0.0
460A7036	07802943	0.0
460A7036	0782737C	0.007412115016075856
460A7036	07862589	0.009818025834068426
460A7036	07874D3C	0.0
460A7036	0787E01C	0.0
460A7036	078981CC	0.0
460A7036	078A8AE9	0.0
460A7036	07930A8B	0.0
460A7036	07A75F52	0.0
460A7036	07B10DCB	0.0
460A7036	07B6A2A8	0.0
460A7036	07B99BFA	0.022058293208848508
460A7036	07B9F6F5	0.0
460A7036	07BAB9E7	0.0
460A7036	07BC3356	0.0024534598965738267
460A7036	07BDC4B0	0.0
460A7036	07C34834	0.0041747016565489205
460A7036	07CA5884	0.002453459910708007
460A7036	07CB626B	0.047823062542391485
460A7036	07D2B6B9	0.002913560934177365
460A7036	07DA0A1C	0.0
460A7036	07DEF9D7	0.002453459896573827
460A7036	07F5B6CA	0.0
460A7036	07F892EC	0.0
460A7036	07F8AFEC	0.012267299482869138
460A7036	07FD08C8	0.0
460A7036	08053B2B	0.0
460A7036	080DBBEF	0.0
460A7036	080E155C	0.0
460A7036	0810AAFA	0.36071807380417886
460A7036	0815134D	0.0
460A7036	081E3F30	0.031992237979321256
460A7036	0830FCA0	0.0
460A7036	0832C111	0.0
460A7036	0837B2CF	0.0
460A7036	083839C7	0.0
460A7036	0839CEE3	0.009813839586295309
460A7036	083D03E5	0.0
460A7036	08443C72	0.0
460A7036	08495949	0.0
460A7036	084B474F	0.0
460A7036	084D01D3	0.01777856679982666
460A7036	08548E70	0.0
460A7036	085ADB71	0.0
460A7036	086E5DD5	0.007437002024176552
460A7036	08702BDB	0.0646398698563956
460A7036	087095C7	0.0
460A7036	087165E4	0.0
460A7036	0875EA92	0.05896653181465014
460A7036	087CBF68	0.0
460A7036	087E04C5	0.0
460A7036	088001DA	0.0
460A7036	08802AB2	0.0
460A7036	088A680B	0.007178719826365001
460A7036	08A948CC	0.0
460A7036	08A97E0C	0.0
460A7036	08ADCF85	0.0
460A7036	08B17323	0.0
460A7036	08B1D62B	0.0
460A7036	08B22DAB	0.0
460A7036	08B4FEC0	0.010300810969070644
460A7036	08B9DFEF	0.0
460A7036	08BA2180	0.0
460A7036	08BCC883	0.0
460A7036	08D3D0B6	0.0
460A7036	08D69EB4	0.009813839586296353
460A7036	08D6D550	0.0
460A7036	08D7E515	0.0
460A7036	08E4D2D6	0.0025568814079505666
460A7036	08EAA2CB	0.018066874125822044
460A7036	08EC4F5B	0.005087008580210576
460A7036	08ED4AE9	0.0
460A7036	08EF476D	0.09538184242704037
460A7036	08EF72DE	0.04024159470752135
460A7036	08F452CF	0.002690857380688561
460A7036	08F47EBA	0.0
460A7036	08F7F83A	0.0
460A7036	08FB679F	0.0
460A7036	0904612E	0.0
460A7036	090B77B3	0.07942359798530965
460A7036	091BC727	0.0
460A7036	0922AB66	0.0
460A7036	09266AF0	0.0
460A7036	09299093	0.0
460A7036	092F5EFF	0.0
460A7036	092FD9CF	0.003872493738589198
460A7036	093304A4	0.0
460A7036	093456D7	0.0
460A7036	0935E318	0.0
460A7036	09368EC9	0.23395668468431519
460A7036	09396A59	0.005357276629746092
460A7036	093FC384	0.0
460A7036	0947E863	0.0
460A7036	0948C934	0.0
460A7036	09490884	0.0
460A7036	094DB5D4	0.004906919793147654
460A7036	095FFF3F	0.0
460A7036	09630970	0.0378224400701986
460A7036	09641F67	0.0
460A7036	0965EC45	0.0
460A7036	0966B229	0.32347599906776875
460A7036	09676E2E	0.016848860280166737
460A7036	097CD675	0.0
460A7036	09988D7C	0.0
460A7036	09989277	0.0
460A7036	09995E41	0.0
460A7036	099A4032	0.0
460A7036	099BC521	0.0
460A7036	099D876D	0.030601792292721416
460A7036	09B0BBA7	0.029248449107607984
460A7036	09B2D407	0.005640120155883835
460A7036	09B48D0B	0.016990821074070166
460A7036	09B52E07	0.0
460A7036	09B97DFE	0.002879209728259212
460A7036	09D7E4FA	0.1577266182438348
460A7036	09DC92C5	0.0026244851710926827
460A7036	09DD720A	0.002453459896615396
460A7036	09DDAA88	0.0
460A7036	09DE2F57	0.0
460A7036	09E0E324	0.0
460A7036	09E1988B	0.0
460A7036	09E1E653	0.0
460A7036	09E3EE34	0.5549845670205091
460A7036	09EA1A37	0.0
460A7036	09EB15AA	0.0
460A7036	09EB4F00	0.0
460A7036	09F18F79	0.0
460A7036	09F90C50	0.0
460A7036	09FD03AD	0.0
460A7036	0A08EC51	0.0
460A7036	0A0D2BAD	0.0
460A7036	0A0E755C	0.0
460A7036	0A0FF9EB	0.0
460A7036	0A10A938	0.0
460A7036	0A1560D3	0.0
460A7036	0A15C811	0.0
460A7036	0A1AB335	0.0
460A7036	0A2510E5	0.0
460A7036	0A254897	0.0
460A7036	0A296B1E	0.0
460A7036	0A2A1FC3	0.0
460A7036	0A2FAFA5	0.04780445451239082
460A7036	0A398D80	0.01978091871257714
460A7036	0A475496	0.0
460A7036	0A4ACFBD	1.0
460A7036	0A520111	0.0
460A7036	0A567B93	0.0
460A7036	0A575E93	0.002453459896573827
460A7036	0A5D91BE	0.019588392755202886
460A7036	0A5DAC76	0.0
460A7036	0A63B3A3	0.02048478687131171
460A7036	0A6604CB	0.014824230032151713
460A7036	0A6C6FB4	0.0
460A7036	0A8478AE	0.0
460A7036	0A968F8B	0.0
460A7036	0A97E0C1	0.6018692682113288
460A7036	0A990BE9	0.021804484566507923
460A7036	0A9A3087	0.0
460A7036	0AA2F1D8	0.0
460A7036	0AAEC4EC	0.0
460A7036	0AB1BE73	0.0
460A7036	0AC1438B	0.014424219075456268
460A7036	0AC5ACB1	0.0
460A7036	0AC8F2B8	0.0
460A7036	0AC9113B	0.002453459896573827
460A7036	0ACD6604	0.0
460A7036	0ACED25B	0.0
460A7036	0ACF14C4	0.0
460A7036	0ACF7BFE	0.0
460A7036	0ACFCEA7	0.0
460A7036	0AD224B5	0.0
460A7036	0AD3BA36	0.0
460A7036	0ADC5821	0.002781412947977895
460A7036	0AE14045	0.0
460A7036	0AE9651A	0.014544299795331925
460A7036	0B002509	0.0
460A7036	0B003FA6	0.006009694204199776
460A7036	0B00BA67	0.019627679172590617
460A7036	0B017C0B	0.0
460A7036	0B0338EC	0.004906919793147654
460A7036	0B054663	0.0
460A7036	0B05FE67	0.0
460A7036	0B08755E	0.06235502121944037
460A7036	0B0ADEB6	0.019843866032568994
460A7036	0B0DA3DC	0.0
460A7036	0B185497	0.0
460A7036	0B1B8D25	0.0
460A7036	0B23C19B	0.0
460A7036	0B23EC19	0.0
460A7036	0B2D8123	0.0
460A7036	0B317C57	0.007412115016075856
460A7036	0B3B54E4	0.0
460A7036	0B3CDF24	0.0
460A7036	0B40411E	0.0
460A7036	0B46561F	0.014424219075456268
460A7036	0B46563B	0.0
460A7036	0B46E8A6	0.09195984207372823
460A7036	0B4B5593	0.0
460A7036	0B4EC93C	0.0
460A7036	0B54FBF6	0.0
460A7036	0B659C39	0.0
460A7036	0B78A057	0.0
460A7036	0B78A521	0.0
460A7036	0B7A84D3	0.006009694204199776
460A7036	0B7D39A1	0.0
460A7036	0B845BA3	0.02049924967281643
460A7036	0B86525A	0.0
460A7036	0B890E85	0.01880521771242891
460A7036	0B8B0D91	0.0
460A7036	0B908117	0.002453459896573827
460A7036	0BB2E102	0.0
460A7036	0BBB6080	0.007360379689721481
460A7036	0BC0A2DC	0.0
460A7036	0BC0E906	0.0
460A7036	0BC1D058	0.029248449107607984
460A7036	0BC22D41	0.0
460A7036	0BC2EB17	0.0
460A7036	0BC3491B	0.0
460A7036	0BC7337B	0.0
460A7036	0BCE997F	0.0
460A7036	0BF6BC56	0.0
460A7036	0BF77E37	0.41236237863674907
460A7036	0BF79DFE	0.009813839586295307
460A7036	0BF8A745	0.0
460A7036	0C01DCFD	0.29700188393049165
460A7036	0C14EACF	0.00736037968972148
460A7036	0C1EB600	0.0
460A7036	0C21380B	0.0
460A7036	0C280BFF	0.0
460A7036	0C2AE079	0.0
460A7036	0C2C9DD2	0.029968429347282173
460A7036	0C2DEF79	0.01635109247073711
460A7036	0C2FE58D	0.0
460A7036	0C309CF2	0.029678537413362193
460A7036	0C33D1B1	0.0
460A7036	0C33EF81	0.0
460A7036	0C34AB7F	0.012821467031254256
460A7036	0C37CBAD	0.006839859204193315
460A7036	0C3BAC1F	0.0
460A7036	0C42C8D3	0.0
460A7036	0C4400FF	0.15802909836316348
460A7036	0C55BCAD	0.0
460A7036	0C601A7F	0.0
460A7036	0C629EED	0.0
460A7036	0C6703C3	0.0
460A7036	0CA4B187	0.0
460A7036	0CECE932	0.0
460A7036	0D109F83	0.027667375465721965
460A7036	0D52D485	0.08036959849919911
460A7036	0D57443D	0.0
460A7036	0D8F2D0E	0.0
460A7036	0DC52CFD	0.0
460A7036	0F36910E	0.0024534598965738267
460A7036	1F2989F0	0.0
460A7036	2BECA4ED	0.03821060578365939
460A7036	3333E44B	0.0
460A7036	335ED749	0.0
460A7036	33865634	0.0
460A7036	339CD1B3	0.002781412947977895
460A7036	33CD4141	0.0
460A7036	34190567	0.0
460A7036	345C2848	0.009813839586295309
460A7036	348EB203	0.01314670698541516
460A7036	34C238D5	0.0
460A7036	34DF872C	0.0
460A7036	34ED541F	0.0
460A7036	34F273FD	0.0
460A7036	350410CF	0.1270288972652925
460A7036	35095641	0.0
460A7036	35170767	0.0
460A7036	351E811C	0.005882945056820935
460A7036	358A0AB5	0.0
460A7036	35BD5C33	0.0
460A7036	35E9831D	0.0
460A7036	36E22876	0.0
460A7036	36E5AE3D	0.0
460A7036	3709B4C3	0.0
460A7036	373A6845	0.0
460A7036	4C5370B9	0.002453459896573827
460A7036	4C6E8511	0.0
460A7036	4C7A9B63	0.0
460A7036	4C7D4F86	0.0
460A7036	4C81D300	0.0
460A7036	4CC3C85D	0.0
460A7036	4CC89935	0.0
460A7036	4CD2C7C1	0.0
460A7036	4CD3CC33	0.0
460A7036	4CDC36DD	0.0
460A7036	4CDD5BAE	0.0
460A7036	4CE6FC2D	0.3900657918592895
460A7036	4CF99586	0.1527698378761763
460A7036	4D07390E	0.0
460A7036	4D0FB79F	0.005087008580210576
460A7036	4D1FB58D	0.002453459896573827
460A7036	4D2B1EE6	0.0
460A7036	4D5D795C	0.0
460A7036	4D634C00	0.0
460A7036	4D66E94F	0.007360379689721482
460A7036	4D68F3D7	0.009749483035869328
460A7036	4D71CB46	0.0
460A7036	4D7B0467	0.007412115016075856
460A7036	4D8B08D7	0.0
460A7036	4D8C4F7A	0.009749483035869328
460A7036	4D91A54A	0.034986961871268825
460A7036	4DA444BF	0.0
460A7036	4DADEF94	0.0
460A7036	4DBAC46F	0.0
460A7036	4DCCAA64	0.0
460A7036	4DDC055F	0.002881454262408834
460A7036	4DDE3B69	0.0
460A7036	4DF15CEF	0.0
460A7036	4DFEDD28	0.0
460A7036	4E045540	0.0
460A7036	4E0DE25A	0.0
460A7036	4E1BA375	0.0
460A7036	4E1BB800	0.0
460A7036	4E286443	0.002453459896582027
460A7036	4E2EC568	0.0
460A7036	4E3BBB83	0.0
460A7036	4E47B81B	0.0
460A7036	4E636137	0.0
460A7036	4E718DAA	0.021056596686087274
460A7036	4E78BE27	0.0
460A7036	4EBC7FCF	0.0
460A7036	4EC97A4B	0.0024534598965738267
460A7036	4ECD74BC	0.0
460A7036	4EDF3BB0	0.0
460A7036	4EEE5722	0.0
460A7036	4EF77785	0.010593539519797536
460A7036	4F05DC4B	0.13058569092762215
460A7036	4F076E00	0.0
460A7036	4F10C1EB	0.03181800088096217
460A7036	4F1AE805	0.013095555501075157
460A7036	4F3BE6AD	0.0
460A7036	4F4B6B43	0.0
460A7036	4F51463F	0.0
460A7036	4F872588	0.1262733414575027
460A7036	4F8CCD61	0.0
460A7036	4FA5C415	0.0
460A7036	4FB0218B	0.0
460A7036	4FF45383	0.18445094730634803
460A7036	4FF7CE5C	0.0
460A7036	500B3463	0.025691143064480677
460A7036	500F4F9C	0.03515405382173309
460A7036	8620BB61	0.0028262419019565036
460A7036	8623AC36	0.006009694204199776
460A7036	8626355D	0.0030642167612389666
460A7036	86263FDB	0.0
460A7036	862979F8	0.0
460A7036	862ADA3F	0.025575482182496855
460A7036	86317390	0.0
460A7036	863479D1	0.0
460A7036	86349B09	0.0027096768224748546
460A7036	86366AC3	0.11424551019299908
460A7036	863B5D1F	0.002760948793878695
460A7036	863BFDE1	0.0
460A7036	863C435D	0.0
44B13001	0003B055	0.018629438370367984
44B13001	0005FC5A	0.0
44B13001	000CF342	0.0
44B13001	0011114D	0.0
44B13001	0011EAC4	0.12870635989567356
44B13001	0014A048	0.0
44B13001	001C3B8F	0.0
44B13001	00243975	0.05454399243779412
44B13001	0027E0B8	0.004186177198740376
44B13001	002932B0	0.0
44B13001	003BDEE2	0.0
44B13001	003E7116	0.0
44B13001	00433890	0.0
44B13001	0045D019	0.0
44B13001	0045D9F6	0.013490211498716653
44B13001	00493E54	0.0
44B13001	004B1FBC	0.0
44B13001	004CA7A3	0.0
44B13001	004E3300	0.017438705094786983
44B13001	005237C4	0.0
44B13001	0056B275	0.03466705367483522
44B13001	006329B3	0.0
44B13001	006952C5	0.0
44B13001	00725F06	0.0
44B13001	0073ECCC	0.0
44B13001	00784876	0.0
44B13001	007B4591	0.0
44B13001	007B68B5	0.0
44B13001	007D2F41	0.0
44B13001	008ED3A6	0.0
44B13001	0092C1B8	0.0
44B13001	00962EEC	0.0
44B13001	009779A9	0.0
44B13001	009F903A	0.0
44B13001	00A3C9C2	0.023354037077441797
44B13001	00A52A7E	0.0
44B13001	00A87317	0.0
44B13001	00BBEBAA	0.0
44B13001	00BC8D07	0.0
44B13001	00BDF5D6	0.0
44B13001	00C50601	0.007186769210514318
44B13001	00C86936	0.0
44B13001	00CC80B3	0.0
44B13001	00CD8766	0.0
44B13001	00CE2969	0.0
44B13001	00D40E2B	0.0
44B13001	00D4F325	0.0
44B13001	00D956B2	0.0
44B13001	00E5C27A	0.0
44B13001	00EE209B	0.0
44B13001	00F1EE39	0.0
44B13001	00F8422C	0.0
44B13001	00F87E5D	0.0
44B13001	00F94921	0.0
44B13001	00F9B76E	0.0
44B13001	00FA1C18	0.0
44B13001	00FB0CDD	0.0
44B13001	00FD6FCE	0.0024471867328057836
44B13001	00FF56A8	0.0
44B13001	0108016A	0.0
44B13001	0108DAB7	0.0
44B13001	01109E6D	0.0
44B13001	01124466	0.0
44B13001	0112E226	0.0
44B13001	01198E98	0.0
44B13001	0126039E	0.0021870707343206873
44B13001	012BCF09	0.0
44B13001	012C9CDF	0.0
44B13001	012E6F4E	0.009788746931223134
44B13001	012F592B	0.0
44B13001	01328BF3	0.20019833655029373
44B13001	0134B592	0.0
44B13001	0139FCD5	0.0
44B13001	013A0DA1	0.0
44B13001	01438A3B	0.0
44B13001	01444027	0.0
44B13001	01461554	0.0
44B13001	0147F037	0.0
44B13001	0154426A	0.0
44B13001	0159FE4E	0.0
44B13001	015B46C7	0.0
44B13001	016FC32A	0.0
44B13001	01710C78	0.0
44B13001	01739E09	0.0
44B13001	01776B6C	0.14018964889344412
44B13001	017889A7	0.0
44B13001	017C99DB	0.004215520977720098
44B13001	017F2ECE	0.0
44B13001	018A6121	0.0
44B13001	018E2322	0.0
44B13001	0190EC9A	0.0
44B13001	01A17328	0.0
44B13001	01A842AA	0.023806390216931355
44B13001	01A8C383	0.04883285905037751
44B13001	01AE4F56	0.0
44B13001	01AFAF1B	0.002187070734039759
44B13001	01B2BC70	0.0
44B13001	01C3C549	0.0
44B13001	01C5C92C	0.0
44B13001	01C641C3	0.010935353670198765
44B13001	01D5887E	0.0
44B13001	01DF6D2D	0.0
44B13001	01E0D8CE	0.0
44B13001	01E46A0B	0.0
44B13001	01E93C2F	0.0
44B13001	01EE4B98	0.0
44B13001	01F164D0	0.0
44B13001	01F1D439	0.0
44B13001	01F6ADD2	0.0
44B13001	01F71AD0	0.06884807731928586
44B13001	01FACAD8	0.0
44B13001	01FB725A	0.0
44B13001	01FE29EA	0.0
44B13001	02066FCD	0.0
44B13001	0216C308	0.0
44B13001	021B9D77	0.004374141468079507
44B13001	021CC5D8	0.029493134177008606
44B13001	0228E4F2	0.0
44B13001	02290965	0.0
44B13001	0229448F	0.12514156189727188
44B13001	022B685F	0.0
44B13001	022F9467	0.0
44B13001	023B9EF3	0.0
44B13001	0240B99C	0.0
44B13001	025139D2	0.0
44B13001	02585490	0.0
44B13001	0259891E	0.0
44B13001	025B9122	0.0
44B13001	025D2C19	0.00884876438937254
44B13001	025F5CB1	0.0
44B13001	0262EA12	0.0
44B13001	02642F55	0.0
44B13001	026778A2	0.0
44B13001	0267A61E	0.0
44B13001	027426D0	0.0
44B13001	028E8644	0.0
44B13001	028F2298	0.0
44B13001	0294EAD4	0.0
44B13001	02965656	0.0
44B13001	0296D744	0.0
44B13001	02AA1FA9	0.0
44B13001	02AD1047	0.0
44B13001	02AD820C	0.0
44B13001	02B09E25	0.028431919542997165
44B13001	02B1C5D7	0.0
44B13001	02B49FCD	0.0
44B13001	02B554FC	0.0
44B13001	02B911E0	0.0
44B13001	02BCD1A8	0.0
44B13001	02C7065C	0.0
44B13001	02D4CE98	0.0
44B13001	02D4EDF8	0.014047474707706132
44B13001	02D66721	0.0
44B13001	02D828C1	0.0
44B13001	02D9A7F2	0.0
44B13001	02DB0F2D	0.005659489739175985
44B13001	02E90378	0.0
44B13001	03006309	0.0
44B13001	03099350	0.0
44B13001	0312B01D	0.0
44B13001	031AFA6D	0.0
44B13001	031C31BE	0.0
44B13001	031EE95E	0.019472625292546022
44B13001	03376F29	0.0
44B13001	03496C27	0.0
44B13001	0349EE07	0.0
44B13001	034F3208	0.0
44B13001	0352694C	0.0
44B13001	03528CBA	0.0
44B13001	0352F953	0.0
44B13001	035786DA	0.0
44B13001	035F81F4	0.0
44B13001	03672BD5	0.0
44B13001	0368D319	0.0
44B13001	0368E8BE	0.011677018538720899
44B13001	037D28F2	0.0
44B13001	03839B48	0.004186177198740376
44B13001	03839CF8	0.0
44B13001	0388650E	0.0
44B13001	0389C918	0.0
44B13001	038AE3AA	0.0
44B13001	038CB6F6	0.08970065354057635
44B13001	039459BF	0.0
44B13001	03959311	0.0
44B13001	0395F208	0.0
44B13001	039DB9B6	0.0
44B13001	03A194FC	0.0
44B13001	03A8769C	0.0
44B13001	03AC92A1	0.0021870707341349526
44B13001	03B6E7B2	0.0
44B13001	03B817A9	0.0
44B13001	03BF901A	0.0
44B13001	03C0079C	0.0
44B13001	03C2CC97	0.0
44B13001	03C3607B	0.0
44B13001	03C436D1	0.0
44B13001	03CAFC05	0.0
44B13001	03D00B37	0.42941515823404164
44B13001	03D09CA7	0.0
44B13001	03E298B8	0.0
44B13001	03EB6D7F	0.0
44B13001	03FA8F1E	0.0
44B13001	03FC3F40	0.0
44B13001	03FC4F79	0.0
44B13001	03FCE859	0.0
44B13001	03FD8454	0.003977310427706177
44B13001	040F37A8	0.0
44B13001	0412EAF6	0.0
44B13001	0413757D	0.0
44B13001	041B3329	0.0
44B13001	041C3083	0.0
44B13001	04281A41	0.0
44B13001	0437D79B	0.0
44B13001	043A55FE	0.0
44B13001	043B1E1B	0.0
44B13001	043F7F1E	0.0
44B13001	04496BAA	0.0
44B13001	044C0559	0.0064025917117598525
44B13001	045716B5	0.0
44B13001	04592826	0.0
44B13001	045C11B3	0.0
44B13001	045D3373	0.0
44B13001	04634070	0.0
44B13001	046C3B83	0.0
44B13001	0474BFAF	0.011724951960327036
44B13001	0474FB72	0.00494874560788361
44B13001	04756336	0.034303051733507756
44B13001	0477FFD3	0.22903622452128997
44B13001	0478D4F8	0.0
44B13001	0486EC92	0.0
44B13001	0489A984	0.0
44B13001	0489F1AC	0.0
44B13001	048AB435	0.0
44B13001	04905D15	0.0
44B13001	04946B1E	0.0
44B13001	049573B2	0.0
44B13001	04AEE5C7	0.0
44B13001	04AF010A	0.007335600809786426
44B13001	04AF492D	0.0
44B13001	04B01E55	0.0
44B13001	04B5445A	0.0
44B13001	04BE3F72	0.019683637187559243
44B13001	04BEE6D7	0.0
44B13001	04C30B43	0.0
44B13001	04C3CCF3	0.0
44B13001	04C3E428	0.0
44B13001	04D98949	0.0
44B13001	04EAD036	0.0
44B13001	04F0A8A0	0.0
44B13001	04F1BEA5	0.0
44B13001	04F2C66A	0.0
44B13001	04F353DF	0.0
44B13001	04F99C7A	0.0
44B13001	04FB01B8	0.0
44B13001	04FD6759	0.0
44B13001	0501E2EA	0.0
44B13001	0502A721	0.0
44B13001	050513B0	0.005468452694218747
44B13001	0507BBD7	0.0
44B13001	050BB43F	0.007889363778268835
44B13001	0527EA39	0.0
44B13001	05282E0D	0.03352611843766038
44B13001	052BF631	0.0
44B13001	052F5108	0.0
44B13001	0532D181	0.026092491358300628
44B13001	0535FE32	0.0
44B13001	05364FE4	0.006003257892535744
44B13001	0538AC16	0.0
44B13001	05397CB8	0.0
44B13001	053FB310	0.0
44B13001	054B33A5	0.0
44B13001	0555D86A	0.0
44B13001	055B394D	0.0
44B13001	05669A68	0.0
44B13001	056D3FC6	0.0
44B13001	056EA0E2	0.0
44B13001	056FA77A	0.0
44B13001	05776AD7	0.0
44B13001	0578DF46	0.0
44B13001	0581F5D5	0.0
44B13001	0582A04E	0.0
44B13001	059DE5E4	0.0
44B13001	05A21A71	0.0
44B13001	05A3DA1F	0.0
44B13001	05A55A03	0.0
44B13001	05B090CE	0.9668633967728395
44B13001	05B3DFF1	0.07907058631637112
44B13001	05B9651E	0.0
44B13001	05BDC90E	0.0
44B13001	05C31D4B	0.0
44B13001	05C86094	0.4957966704488896
44B13001	05DAB8C0	0.0
44B13001	05DBB954	0.0
44B13001	05DBF710	0.0
44B13001	05DCD65A	0.008748282936159013
44B13001	05E1B1D9	0.002187070734039753
44B13001	05E2161B	0.0
44B13001	05E74909	0.0
44B13001	05E79D01	0.009103970623190301
44B13001	05EDB3A0	0.0
44B13001	05EEE4E0	0.0
44B13001	05EFFB90	0.0
44B13001	05F5F76A	0.0
44B13001	05F6E42A	0.0
44B13001	06041575	0.0
44B13001	06167391	0.0
44B13001	0616AB9C	0.0
44B13001	0617689C	0.0
44B13001	06194FDE	0.0
44B13001	0619822C	0.0
44B13001	061A19CA	0.0
44B13001	061BA55B	0.0
44B13001	061C6C3B	0.0
44B13001	0626251D	0.0
44B13001	062BC2E4	0.0
44B13001	062D596B	0.006239930752189165
44B13001	06444F84	0.0030675285382930585
44B13001	0653F611	0.0
44B13001	06601420	0.0
44B13001	0661DECB	0.0
44B13001	066A71BC	0.0
44B13001	066AF386	0.012050923316282255
44B13001	066F2C46	0.0
44B13001	067461C8	0.0035295221732504207
44B13001	06771A5A	0.01485284707567933
44B13001	0679E020	0.0
44B13001	067C4210	0.0
44B13001	068A7232	0.0
44B13001	068E815A	0.0
44B13001	06918666	0.0121080195198389
44B13001	06943C23	0.0
44B13001	0699B629	0.0
44B13001	069BF47D	0.0
44B13001	069DA7A7	0.0
44B13001	069F11AE	0.04811555614887458
44B13001	06ACAD91	0.026923400661597697
44B13001	06C2C7BC	0.0
44B13001	06CB2E98	0.0
44B13001	06CBC4BA	0.0
44B13001	06CBEAA9	0.0
44B13001	06CCE1C6	0.0
44B13001	06CD3667	0.0
44B13001	06CF160C	0.0
44B13001	06D18AFD	0.0
44B13001	06D27A8D	0.0
44B13001	06D35AFB	0.0
44B13001	06D39D72	0.0
44B13001	06D835C2	0.0
44B13001	06DA7DC2	0.0
44B13001	06DE3FEB	0.0
44B13001	06E63D20	0.0
44B13001	06EB0D45	0.0
44B13001	06F892B4	0.0
44B13001	0708D687	0.0
44B13001	070A58AF	0.0
44B13001	070A9F1F	0.0
44B13001	070DD5D4	0.0035313613808850767
44B13001	070DD774	0.0
44B13001	070DED1B	0.0
44B13001	07103214	0.002187070734039759
44B13001	071126B7	0.0
44B13001	07162905	0.0
44B13001	072620B4	0.0
44B13001	0733A746	0.0
44B13001	073B94B1	0.0
44B13001	07427AD9	0.0
44B13001	0742D5C5	0.0
44B13001	0743CD5B	0.0
44B13001	074491E2	0.0
44B13001	07454816	0.0
44B13001	0749A315	0.0
44B13001	074ADC51	0.0
44B13001	074B3001	0.0
44B13001	074BDB0A	0.018116997554766107
44B13001	07511464	0.0
44B13001	0754B26A	0.0
44B13001	0757A922	0.0
44B13001	075ABF1F	0.0
44B13001	0762929E	0.0
44B13001	0764F090	0.0
44B13001	07679147	0.0
44B13001	07681456	0.0
44B13001	077DD57B	0.0
44B13001	077EC9E4	0.0
44B13001	07802943	0.0
44B13001	0782737C	0.0
44B13001	07862589	0.0
44B13001	07874D3C	0.0
44B13001	0787E01C	0.0
44B13001	078981CC	0.0
44B13001	078A8AE9	0.005451101506826689
44B13001	07930A8B	0.0
44B13001	07A75F52	0.0
44B13001	07B10DCB	0.0
44B13001	07B6A2A8	0.0
44B13001	07B99BFA	0.0
44B13001	07B9F6F5	0.0
44B13001	07BAB9E7	0.0
44B13001	07BC3356	0.0
44B13001	07BDC4B0	0.0
44B13001	07C34834	0.008612956052431254
44B13001	07CA5884	0.21367994907663793
44B13001	07CB626B	0.0
44B13001	07D2B6B9	0.0
44B13001	07DA0A1C	0.0
44B13001	07DEF9D7	0.0
44B13001	07F5B6CA	0.0
44B13001	07F892EC	0.0
44B13001	07F8AFEC	0.0
44B13001	07FD08C8	0.0
44B13001	08053B2B	0.0
44B13001	080DBBEF	0.0
44B13001	080E155C	0.0
44B13001	0810AAFA	0.21572955641107727
44B13001	0815134D	0.0
44B13001	081E3F30	0.015770631340899642
44B13001	0830FCA0	0.0
44B13001	0832C111	0.0
44B13001	0837B2CF	0.0
44B13001	083839C7	0.0
44B13001	0839CEE3	0.0
44B13001	083D03E5	0.0
44B13001	08443C72	0.0
44B13001	08495949	0.0
44B13001	084B474F	0.0
44B13001	084D01D3	0.004339487535996552
44B13001	08548E70	0.0
44B13001	085ADB71	0.0
44B13001	086E5DD5	0.0
44B13001	08702BDB	0.0
44B13001	087095C7	0.0
44B13001	087165E4	0.0
44B13001	0875EA92	0.0
44B13001	087CBF68	0.0
44B13001	087E04C5	0.0
44B13001	088001DA	0.0
44B13001	08802AB2	0.005283100380145705
44B13001	088A680B	0.0
44B13001	08A948CC	0.0045256298894174336
44B13001	08A97E0C	0.0
44B13001	08ADCF85	0.0
44B13001	08B17323	0.0
44B13001	08B1D62B	0.0
44B13001	08B22DAB	0.004172089638152493
44B13001	08B4FEC0	0.0
44B13001	08B9DFEF	0.0
44B13001	08BA2180	0.0
44B13001	08BCC883	0.0
44B13001	08D3D0B6	0.0
44B13001	08D69EB4	0.0
44B13001	08D6D550	0.0
44B13001	08D7E515	0.0
44B13001	08E4D2D6	0.0
44B13001	08EAA2CB	0.0
44B13001	08EC4F5B	0.0
44B13001	08ED4AE9	0.0
44B13001	08EF476D	0.0
44B13001	08EF72DE	0.0
44B13001	08F452CF	0.0021870707340397536
44B13001	08F47EBA	0.0
44B13001	08F7F83A	0.0
44B13001	08FB679F	0.0
44B13001	0904612E	0.07188474086809829
44B13001	090B77B3	0.035173414462730944
44B13001	091BC727	0.0
44B13001	0922AB66	0.002187070734039753
44B13001	09266AF0	0.0
44B13001	09299093	0.0
44B13001	092F5EFF	0.0
44B13001	092FD9CF	0.0
44B13001	093304A4	0.0
44B13001	093456D7	0.0
44B13001	0935E318	0.0
44B13001	09368EC9	0.13162525846349066
44B13001	09396A59	0.0
44B13001	093FC384	0.0
44B13001	0947E863	0.0
44B13001	0948C934	0.0
44B13001	09490884	0.0
44B13001	094DB5D4	0.0
44B13001	095FFF3F	0.0
44B13001	09630970	0.012595447375001291
44B13001	09641F67	0.0
44B13001	0965EC45	0.0024471867328057836
44B13001	0966B229	0.08657591187959425
44B13001	09676E2E	0.0
44B13001	097CD675	0.0
44B13001	09988D7C	0.0
44B13001	09989277	0.0
44B13001	09995E41	0.0
44B13001	099A4032	0.0
44B13001	099BC521	0.0
44B13001	099D876D	0.04569241239285939
44B13001	09B0BBA7	0.0
44B13001	09B2D407	0.0
44B13001	09B48D0B	0.0
44B13001	09B52E07	0.0
44B13001	09B97DFE	0.0
44B13001	09D7E4FA	0.0
44B13001	09DC92C5	0.0
44B13001	09DD720A	0.0
44B13001	09DDAA88	0.0
44B13001	09DE2F57	0.0
44B13001	09E0E324	0.01178072943907091
44B13001	09E1988B	0.00457237745945681
44B13001	09E1E653	0.0
44B13001	09E3EE34	0.007151811899763526
44B13001	09EA1A37	0.003767713588225634
44B13001	09EB15AA	0.0
44B13001	09EB4F00	0.0
44B13001	09F18F79	0.0
44B13001	09F90C50	0.0
44B13001	09FD03AD	0.0
44B13001	0A08EC51	0.0
44B13001	0A0D2BAD	0.0
44B13001	0A0E755C	0.007151811899763526
44B13001	0A0FF9EB	0.0
44B13001	0A10A938	0.0
44B13001	0A1560D3	0.0
44B13001	0A15C811	0.0
44B13001	0A1AB335	0.0
44B13001	0A2510E5	0.0
44B13001	0A254897	0.0
44B13001	0A296B1E	0.0
44B13001	0A2A1FC3	0.0
44B13001	0A2FAFA5	0.028162932349273487
44B13001	0A398D80	0.0
44B13001	0A475496	0.0
44B13001	0A4ACFBD	0.0
44B13001	0A520111	0.0
44B13001	0A567B93	0.0
44B13001	0A575E93	0.0
44B13001	0A5D91BE	0.0
44B13001	0A5DAC76	0.0
44B13001	0A63B3A3	0.004374141468079506
44B13001	0A6604CB	0.0
44B13001	0A6C6FB4	0.0
44B13001	0A8478AE	0.0
44B13001	0A968F8B	0.0
44B13001	0A97E0C1	0.0
44B13001	0A990BE9	0.0
44B13001	0A9A3087	0.0
44B13001	0AA2F1D8	0.0
44B13001	0AAEC4EC	0.0
44B13001	0AB1BE73	0.0
44B13001	0AC1438B	0.023354037077441797
44B13001	0AC5ACB1	0.0
44B13001	0AC8F2B8	0.0
44B13001	0AC9113B	0.0
44B13001	0ACD6604	0.0
44B13001	0ACED25B	0.0
44B13001	0ACF14C4	0.0
44B13001	0ACF7BFE	0.0
44B13001	0ACFCEA7	0.0
44B13001	0AD224B5	0.0
44B13001	0AD3BA36	0.0
44B13001	0ADC5821	0.0
44B13001	0AE14045	0.0
44B13001	0AE9651A	0.0
44B13001	0B002509	0.0
44B13001	0B003FA6	0.004374141595306846
44B13001	0B00BA67	0.0
44B13001	0B017C0B	0.0
44B13001	0B0338EC	0.006561212202119259
44B13001	0B054663	0.0
44B13001	0B05FE67	0.0
44B13001	0B08755E	0.0
44B13001	0B0ADEB6	0.01003363120725549
44B13001	0B0DA3DC	0.0
44B13001	0B185497	0.0
44B13001	0B1B8D25	0.0
44B13001	0B23C19B	0.004923931025422099
44B13001	0B23EC19	0.0
44B13001	0B2D8123	0.0
44B13001	0B317C57	0.0
44B13001	0B3B54E4	0.0
44B13001	0B3CDF24	0.0
44B13001	0B40411E	0.0
44B13001	0B46561F	0.0
44B13001	0B46563B	0.0
44B13001	0B46E8A6	0.0
44B13001	0B4B5593	0.0
44B13001	0B4EC93C	0.0
44B13001	0B54FBF6	0.0
44B13001	0B659C39	0.0
44B13001	0B78A057	0.0
44B13001	0B78A521	0.0
44B13001	0B7A84D3	0.0
44B13001	0B7D39A1	0.0
44B13001	0B845BA3	0.0
44B13001	0B86525A	0.0
44B13001	0B890E85	0.0
44B13001	0B8B0D91	0.0
44B13001	0B908117	0.0
44B13001	0BB2E102	0.0
44B13001	0BBB6080	0.0
44B13001	0BC0A2DC	0.0
44B13001	0BC0E906	0.0
44B13001	0BC1D058	0.002187070734039753
44B13001	0BC22D41	0.0
44B13001	0BC2EB17	0.0
44B13001	0BC3491B	0.0
44B13001	0BC7337B	0.0
44B13001	0BCE997F	0.0
44B13001	0BF6BC56	0.0
44B13001	0BF77E37	0.003977310427706177
44B13001	0BF79DFE	0.0
44B13001	0BF8A745	0.0
44B13001	0C01DCFD	0.25407296991179157
44B13001	0C14EACF	0.0
44B13001	0C1EB600	0.0
44B13001	0C21380B	0.0
44B13001	0C280BFF	0.0
44B13001	0C2AE079	0.002187070734039753
44B13001	0C2C9DD2	0.0047479692526306225
44B13001	0C2DEF79	0.0
44B13001	0C2FE58D	0.0
44B13001	0C309CF2	0.0
44B13001	0C33D1B1	0.0
44B13001	0C33EF81	0.0
44B13001	0C34AB7F	0.0
44B13001	0C37CBAD	0.0
44B13001	0C3BAC1F	0.0
44B13001	0C42C8D3	0.0
44B13001	0C4400FF	0.041369296245080255
44B13001	0C55BCAD	0.0
44B13001	0C601A7F	0.0
44B13001	0C629EED	0.010668786818464811
44B13001	0C6703C3	0.0
44B13001	0CA4B187	0.0
44B13001	0CECE932	0.0
44B13001	0D109F83	0.05194846971653987
44B13001	0D52D485	0.0
44B13001	0D57443D	0.0
44B13001	0D8F2D0E	0.0
44B13001	0DC52CFD	0.0
44B13001	0F36910E	0.0
44B13001	1F2989F0	0.0
44B13001	2BECA4ED	0.0
44B13001	3333E44B	0.0
44B13001	335ED749	0.0
44B13001	33865634	0.0
44B13001	339CD1B3	0.00894848846232319
44B13001	33CD4141	0.007742120188479901
44B13001	34190567	0.0
44B13001	345C2848	0.0
44B13001	348EB203	0.0
44B13001	34C238D5	0.0
44B13001	34DF872C	0.0
44B13001	34ED541F	0.0
44B13001	34F273FD	0.014294008108712194
44B13001	350410CF	0.0
44B13001	35095641	0.0
44B13001	35170767	0.0
44B13001	351E811C	0.0
44B13001	358A0AB5	0.0
44B13001	35BD5C33	0.0
44B13001	35E9831D	0.0
44B13001	36E22876	0.0
44B13001	36E5AE3D	0.0
44B13001	3709B4C3	0.0
44B13001	373A6845	0.0
44B13001	4C5370B9	0.0
44B13001	4C6E8511	0.0
44B13001	4C7A9B63	0.003527870829267242
44B13001	4C7D4F86	0.0
44B13001	4C81D300	0.0
44B13001	4CC3C85D	0.0
44B13001	4CC89935	0.0
44B13001	4CD2C7C1	0.0
44B13001	4CD3CC33	0.0
44B13001	4CDC36DD	0.008848764389372541
44B13001	4CDD5BAE	0.0
44B13001	4CE6FC2D	1.0
44B13001	4CF99586	0.3589257820219466
44B13001	4D07390E	0.0
44B13001	4D0FB79F	0.0
44B13001	4D1FB58D	0.0
44B13001	4D2B1EE6	0.010328995709672795
44B13001	4D5D795C	0.00437414146808379
44B13001	4D634C00	0.006561212202119261
44B13001	4D66E94F	0.0
44B13001	4D68F3D7	0.0
44B13001	4D71CB46	0.0
44B13001	4D7B0467	0.0
44B13001	4D8B08D7	0.0
44B13001	4D8C4F7A	0.0
44B13001	4D91A54A	0.0
44B13001	4DA444BF	0.0
44B13001	4DADEF94	0.0
44B13001	4DBAC46F	0.0
44B13001	4DCCAA64	0.0
44B13001	4DDC055F	0.0
44B13001	4DDE3B69	0.0
44B13001	4DF15CEF	0.0
44B13001	4DFEDD28	0.0
44B13001	4E045540	0.0024760516934175273
44B13001	4E0DE25A	0.0
44B13001	4E1BA375	0.0
44B13001	4E1BB800	0.0
44B13001	4E286443	0.0
44B13001	4E2EC568	0.0
44B13001	4E3BBB83	0.0
44B13001	4E47B81B	0.0
44B13001	4E636137	0.0
44B13001	4E718DAA	0.0
44B13001	4E78BE27	0.0
44B13001	4EBC7FCF	0.0021870707340440367
44B13001	4EC97A4B	0.0
44B13001	4ECD74BC	0.0
44B13001	4EDF3BB0	0.0
44B13001	4EEE5722	0.0
44B13001	4EF77785	0.053067679445366146
44B13001	4F05DC4B	0.0
44B13001	4F076E00	0.0
44B13001	4F10C1EB	0.0
44B13001	4F1AE805	0.0
44B13001	4F3BE6AD	0.0
44B13001	4F4B6B43	0.0
44B13001	4F51463F	0.009904206773670108
44B13001	4F872588	0.01758217458242831
44B13001	4F8CCD61	0.0
44B13001	4FA5C415	0.0
44B13001	4FB0218B	0.0
44B13001	4FF45383	0.0603401762248688
44B13001	4FF7CE5C	0.0
44B13001	500B3463	0.0
44B13001	500F4F9C	0.06966374743839468
44B13001	8620BB61	0.0
44B13001	8623AC36	0.06648858824939499
44B13001	8626355D	0.0
44B13001	86263FDB	0.0
44B13001	862979F8	0.0
44B13001	862ADA3F	0.0
44B13001	86317390	0.010309878382627927
44B13001	863479D1	0.0
44B13001	86349B09	0.0
44B13001	86366AC3	0.0
44B13001	863B5D1F	0.0
44B13001	863BFDE1	0.025287829834858278
44B13001	863C435D	0.0
